Nome,Ticker,Tipo,Blockchain/Note
Dogecoin,DOGE,Meme,N/A
Shiba Inu,SHIB,Meme,N/A
Pepe,PEPE,Meme,N/A
Official Trump,TRUMP,Meme,N/A
SPX6900,SPX,Meme,N/A
Bonk,BONK,Meme,N/A
Fartcoin,FARTCOIN,Meme,N/A
dogwifhat,WIF,Meme,N/A
FLOKI,FLOKI,Meme,N/A
Pudgy Penguins,PENGU,Meme,N/A
Binance-Peg Dogecoin,DOGE,Meme,N/A
Dog (Bitcoin),DOG,Meme,N/A
Ket,KET,Meme,N/A
Brett,BRETT,Meme,N/A
BUILDon,B,Meme,N/A
Mog Coin,MOG,Meme,N/A
Cheems Token,CHEEMS,Meme,N/A
Popcat,POPCAT,Meme,N/A
Turbo,TURBO,Meme,N/A
cat in a dogs world,MEW,Meme,N/A
Peanut the Squirrel,PNUT,Meme,N/A
Toshi,TOSHI,Meme,N/A
Baby Doge Coin,BABYDOGE,Meme,N/A
Notcoin,NOT,Meme,N/A
Gigachad,GIGA,Meme,N/A
AI Companions,AIC,Meme,N/A
Banana For Scale,BANANAS31,Meme,N/A
MimboGameGroup,MGG,Meme,N/A
Neiro,NEIRO,Meme,N/A
ai16z,AI16Z,Meme,N/A
Snek,SNEK,Meme,N/A
AgentFun.AI,AGENTFUN,Meme,N/A
Moo Deng,MOODENG,Meme,N/A
Daku,DAKU,Meme,N/A
TDCCP,TDCCP,Meme,N/A
Useless Coin,USELESS,Meme,N/A
GOHOME,GOHOME,Meme,N/A
Melania Meme,MELANIA,Meme,N/A
aixbt by Virtuals,AIXBT,Meme,N/A
Rekt,REKT,Meme,N/A
Purr,PURR,Meme,N/A
Non-Playable Coin,NPC,Meme,N/A
aura,AURA,Meme,N/A
BOOK OF MEME,BOME,Meme,N/A
Launch Coin on Believe,LAUNCHCOIN,Meme,N/A
Animecoin,ANIME,Meme,N/A
Goatseus Maximus,GOAT,Meme,N/A
Ribbita by Virtuals,TIBBIR,Meme,N/A
ConstitutionDAO,PEOPLE,Meme,N/A
Neiro on ETH,NEIRO,Meme,N/A
The Grays Currency,PTGC,Meme,N/A
Memecoin,MEME,Meme,N/A
Degen,DEGEN,Meme,N/A
HarryPotterObamaSonic10Inu (ETH),BITCOIN,Meme,N/A
Dogelon Mars,ELON,Meme,N/A
Apu Apustaja,APU,Meme,N/A
Dogs,DOGS,Meme,N/A
PePeonTron,PEPEONTRON,Meme,N/A
Puff The Dragon,PUFF,Meme,N/A
PONKE,PONKE,Meme,N/A
Bone ShibaSwap,BONE,Meme,N/A
MEOW,MEOW,Meme,N/A
Joe Coin,JOE,Meme,N/A
Comedian,BAN,Meme,N/A
Osaka Protocol,OSAK,Meme,N/A
Sundog,SUNDOG,Meme,N/A
ANDY ETH,ANDY,Meme,N/A
Tutorial,TUT,Meme,N/A
VaderAI by Virtuals,VADER,Meme,N/A
Ski Mask Dog,SKI,Meme,N/A
Just a chill guy,CHILLGUY,Meme,N/A
Bitcoin Wizards,WZRD,Meme,N/A
Simon's Cat,CAT,Meme,N/A
Test,TST,Meme,N/A
CorgiAI,CORGIAI,Meme,N/A
Act I The AI Prophecy,ACT,Meme,N/A
Fwog,FWOG,Meme,N/A
MIU,MIU,Meme,N/A
LAMBO,LAMBO,Meme,N/A
LandWolf,WOLF,Meme,N/A
AIntivirus,AINTI,Meme,N/A
Siren,SIREN,Meme,N/A
Slerf,SLERF,Meme,N/A
Mubarak,MUBARAK,Meme,N/A
Milady Meme Coin,LADYS,Meme,N/A
Coq Inu,COQ,Meme,N/A
Big Dog Fink,BINK,Meme,N/A
doginme,DOGINME,Meme,N/A
MAGIC•INTERNET•MONEY (Bitcoin),MIM,Meme,N/A
Keyboard Cat (Base),KEYCAT,Meme,N/A
LOFI,LOFI,Meme,N/A
PepeCoin,PEPECOIN,Meme,N/A
Hot Mom,HOTMOM,Meme,N/A
Zerebro,ZEREBRO,Meme,N/A
Everybody,HOLD,Meme,N/A
PYTHIA,PYTHIA,Meme,N/A
Wojak,WOJAK,Meme,N/A
Vine,VINE,Meme,N/A
CZ's Dog,BROCCOLI,Meme,N/A
Based Fartcoin,FARTCOIN,Meme,N/A
KoKoK The Roach,KOKOK,Meme,N/A
Fair and Free,FAIR3,Meme,N/A
BOBO Coin,BOBO,Meme,N/A
McDull (Meme),MCDULL,Meme,N/A
Mr. Miggles,MIGGLES,Meme,N/A
Ava AI,AVA,Meme,N/A
AhaToken,AHT,Meme,N/A
Fuzzybear,FUZZY,Meme,N/A
AGENDA 47,A47,Meme,N/A
BurnedFi,BURN,Meme,N/A
Kekius Maximus,KEKIUS,Meme,N/A
STONKS,STONKS,Meme,N/A
Gorbagana,GOR,Meme,N/A
ElonXCat,EXC,Meme,N/A
Kendu Inu,KENDU,Meme,N/A
Qkacoin,QKA,Meme,N/A
Pikaboss,PIKA,Meme,N/A
Milady Cult Coin,CULT,Meme,N/A
Unstable Coin,USDUC,Meme,N/A
Unicorn Fart Dust,UFD,Meme,N/A
ArbDoge AI,AIDOGE,Meme,N/A
Wen,WEN,Meme,N/A
YETI,YETI,Meme,N/A
Ninja Squad Token,NST,Meme,N/A
BULLA,BULLA,Meme,N/A
Bertram The Pomeranian,BERT,Meme,N/A
Dupe,DUPE,Meme,N/A
Masha and the Bear,MASHA,Meme,N/A
PURPLE PEPE,PURPE,Meme,N/A
GME (Ethereum),GME,Meme,N/A
Gochujangcoin,GOCHU,Meme,N/A
Fartboy,$FARTBOY,Meme,N/A
Housecoin,HOUSE,Meme,N/A
RETARDIO,RETARDIO,Meme,N/A
Hosico Cat,HOSICO,Meme,N/A
Daddy Tate,DADDY,Meme,N/A
Araracoin,ARARA,Meme,N/A
GOUT,GOUT,Meme,N/A
Aavegotchi,GHST,Meme,N/A
Chill House,CHILLHOUSE,Meme,N/A
titcoin,TITCOIN,Meme,N/A
Pepes Dog,ZEUS,Meme,N/A
Abster,ABSTER,Meme,N/A
Sigma,SIGMA,Meme,N/A
Own The Doge,DOG,Meme,N/A
Attention,ATTN,Meme,N/A
IlluminatiCoin,NATI,Meme,N/A
Pups (Bitcoin),PUPS,Meme,N/A
Pepecoin,PEP,Meme,N/A
Finvesta,FINVESTA,Meme,N/A
Myro,$MYRO,Meme,N/A
michi,$MICHI,Meme,N/A
International Meme Fund,IMF,Meme,N/A
sudeng,HIPPO,Meme,N/A
Basenji,BENJI,Meme,N/A
WUFFI,WUF,Meme,N/A
Luna by Virtuals,LUNA,Meme,N/A
American Coin,USA,Meme,N/A
Nummus Aeternitas,NUMMUS,Meme,N/A
PiP,PIP,Meme,N/A
Sendcoin,SEND,Meme,N/A
AMATERASU OMIKAMI,OMIKAMI,Meme,N/A
pippin,PIPPIN,Meme,N/A
DOGEai,$DOGEAI,Meme,N/A
crow with knife,CAW,Meme,N/A
PEPPER,PEPPER,Meme,N/A
TROLL,TROLL,Meme,N/A
Vita Inu,VINU,Meme,N/A
Hyperpigmentation,$HYPER,Meme,N/A
Based Pepe,PEPE,Meme,N/A
alright buddy,BUDDY,Meme,N/A
Rich Quack,QUACK,Meme,N/A
Doge Killer,LEASH,Meme,N/A
Noot Noot,NOOT,Meme,N/A
Cocoro,COCORO,Meme,N/A
Salute,SLT,Meme,N/A
KiboShib,KIBSHI,Meme,N/A
Build On BNB,BOB,Meme,N/A
Grok,GROK,Meme,N/A
Nobody Sausage,NOBODY,Meme,N/A
XRP ARMY,ARMY,Meme,N/A
Startup,STARTUP,Meme,N/A
Central African Republic Meme,CAR,Meme,N/A
PeiPei,PEIPEI,Meme,N/A
Meana Raptor,MRT,Meme,N/A
Aki Network,AKI,Meme,N/A
Christ Is King,CIK,Meme,N/A
Lion Cat,LCAT,Meme,N/A
Akio,AKIO,Meme,N/A
WHY,WHY,Meme,N/A
Wall Street Pepe,WEPE,Meme,N/A
MOO DENG,MOODENG,Meme,N/A
Book of Ethereum,BOOE,Meme,N/A
Volt Inu,VOLT,Meme,N/A
MemeFi,MEMEFI,Meme,N/A
Candle TV,CANDLE,Meme,N/A
BILLION•DOLLAR•CAT (Bitcoin),BDC,Meme,N/A
Koma Inu,KOMA,Meme,N/A
Bellscoin,BELLS,Meme,N/A
MEOW,MEOW,Meme,N/A
CAT Terminal,CAT,Meme,N/A
catwifmask,MASK,Meme,N/A
Cryptocurrency Coin,CRYPTO,Meme,N/A
GME,GME,Meme,N/A
Mixie,MIXIE,Meme,N/A
Puss,PUSS,Meme,N/A
TEDDY BEAR,BEAR,Meme,N/A
LOCK IN,LOCKIN,Meme,N/A
PepeFork,PORK,Meme,N/A
Pitbull,PIT,Meme,N/A
Boba Oppa,BOBAOPPA,Meme,N/A
Department Of Government Efficiency,DOGE,Meme,N/A
Samoyedcoin,SAMO,Meme,N/A
Nacho the Kat,NACHO,Meme,N/A
MANEKI,MANEKI,Meme,N/A
Pepe Unchained,PEPU,Meme,N/A
Broccoli,BROCCOLI,Meme,N/A
Mochi,MOCHI,Meme,N/A
Jager Hunter,JAGER,Meme,N/A
Official Crypto Nostra,OCN,Meme,N/A
INFERNO,INF,Meme,N/A
AEROBUD,AEROBUD,Meme,N/A
lmeow,LMEOW,Meme,N/A
Stonks,STNK,Meme,N/A
mfercoin,MFER,Meme,N/A
Hoppy,HOPPY,Meme,N/A
Memelinked,MK,Meme,N/A
WAGMI Games,WAGMIGAMES,Meme,N/A
BONGO CAT,BONGO,Meme,N/A
Brett (ETH),BRETT,Meme,N/A
Moby AI,MOBY,Meme,N/A
Kishu Inu,KISHU,Meme,N/A
FEED EVERY GORILLA,FEG,Meme,N/A
PHNIX,PHNIX,Meme,N/A
BOB,BOB,Meme,N/A
Xavier: Renegade Angel,XAVIER,Meme,N/A
360noscope420blazeit,MLG,Meme,N/A
Parabolic,PARAX,Meme,N/A
PEPECAT,PEPECAT,Meme,N/A
Wiki Cat,WKC,Meme,N/A
MusmeCoin,MSM,Meme,N/A
MUMU THE BULL,MUMU,Meme,N/A
Mother Iggy,MOTHER,Meme,N/A
BBQCOIN,BBQ,Meme,N/A
Yee Token,YEE,Meme,N/A
Jeff,JEFF,Meme,N/A
SquidGrow,SQGROW,Meme,N/A
Shoggoth,SHOGGOTH,Meme,N/A
SPARTA,SPARTA,Meme,N/A
BLUB,BLUB,Meme,N/A
Base God,TYBG,Meme,N/A
Foxy,FOXY,Meme,N/A
Hatom,HTM,Meme,N/A
StupidCoin,STUPID,Meme,N/A
Sympson by Virtuals,$SYMP,Meme,N/A
YULI,YULI,Meme,N/A
mini,MINI,Meme,N/A
Smoking Chicken Fish,SCF,Meme,N/A
